<?xml version="1.0" encoding="UTF-8"?>
<project-private xmlns="http://www.netbeans.org/ns/project-private/1">
    <editor-bookmarks xmlns="http://www.netbeans.org/ns/editor-bookmarks/2" lastBookmarkId="0"/>
    <open-files xmlns="http://www.netbeans.org/ns/projectui-open-files/2">
        <group>
            <file>file:/C:/Users/aline/OneDrive/Documentos/facul/poo/tp/Jogo%20da%20Forca/src/controller/TelaGanhouController.java</file>
            <file>file:/C:/Users/aline/OneDrive/Documentos/facul/poo/tp/Jogo%20da%20Forca/src/view/telaDicas.fxml</file>
            <file>file:/C:/Users/aline/OneDrive/Documentos/facul/poo/tp/Jogo%20da%20Forca/src/css/telainicial.css</file>
            <file>file:/C:/Users/aline/OneDrive/Documentos/facul/poo/tp/Jogo%20da%20Forca/src/controller/JogoDaForca.java</file>
            <file>file:/C:/Users/aline/OneDrive/Documentos/facul/poo/tp/Jogo%20da%20Forca/src/controller/TelaTemasController.java</file>
            <file>file:/C:/Users/aline/OneDrive/Documentos/facul/poo/tp/Jogo%20da%20Forca/src/css/telaperdeu.css</file>
            <file>file:/C:/Users/aline/OneDrive/Documentos/facul/poo/tp/Jogo%20da%20Forca/src/controller/TelaInicialController.java</file>
            <file>file:/C:/Users/aline/OneDrive/Documentos/facul/poo/tp/Jogo%20da%20Forca/src/controller/TelaPerdeuController.java</file>
            <file>file:/C:/Users/aline/OneDrive/Documentos/facul/poo/tp/Jogo%20da%20Forca/src/css/teladicas.css</file>
            <file>file:/C:/Users/aline/OneDrive/Documentos/facul/poo/tp/Jogo%20da%20Forca/src/controller/TelaDicasController.java</file>
        </group>
    </open-files>
</project-private>
