<?xml version="1.0" encoding="UTF-8"?>
<project-private xmlns="http://www.netbeans.org/ns/project-private/1">
    <editor-bookmarks xmlns="http://www.netbeans.org/ns/editor-bookmarks/2" lastBookmarkId="0"/>
    <open-files xmlns="http://www.netbeans.org/ns/projectui-open-files/2">
        <group>
            <file>file:/C:/Users/aline/OneDrive/Documentos/facul/4%20semestre/poo/tp/Jogo%20da%20Forca/src/css/telaforca.css</file>
            <file>file:/C:/Users/aline/OneDrive/Documentos/facul/4%20semestre/poo/tp/Jogo%20da%20Forca/src/controller/TelaForcaController.java</file>
        </group>
    </open-files>
</project-private>
